"id";"category";"answerable";"question";"ground_truth";"answer";"faithfulness";"answer_relevancy";"context_precision";"context_recall";"refusal_ok";"lecture";"is_correct"
"1";"factuel_simple";"True";"Quel joueur a le meilleur ratio points par match ?";"Le joueur avec le meilleur ratio points par match est Shai Gilgeous-Alexander.";"Le joueur avec le meilleur ratio points par match est Shai Gilgeous-Alexander, avec une moyenne de 32,7 points par rencontre.";"0.0";"0.974";"0.0";"0.0";"";"Correct";"True"
"2";"factuel_simple";"True";"Quelle équipe a marqué le plus de points au total ?";"L'équipe avec le plus de points est Detroit Pistons.";"L'équipe qui a marqué le plus de points au total est les Detroit Pistons, avec 10 292 points.";"0.0";"0.789";"0.0";"0.0";"";"Correct";"False"
"3";"factuel_complexe";"True";"Quel joueur est le plus complet entre points, rebonds et passes ?";"Nikola Jokic est considéré comme le joueur le plus complet sur ces trois dimensions.";"Nikola Jokić est le joueur le plus complet parmi ceux cités, avec 2072 points, 889 rebonds et 714 passes décisives.";"0.0";"0.923";"0.0";"0.0";"";"Correct";"True"
"4";"comparaison";"True";"Compare les performances offensives de deux joueurs majeurs.";"Les performances offensives varient selon les joueurs, mais certains comme Jokic ou Shai se distinguent en points et efficacité.";"**🔥 Analyse des Performances Offensives : Comparaison entre deux stars de la NBA 🔥** Pour comparer les performances offensives de deux joueurs majeurs, je vais m’appuyer sur les **métriques clés** qui définissent l’impact offensif d’un joueur. Voici les critères que j’analyserai : --- ### **📊 Métriques Offensives Clés (Prioritaires)** 1. **Points par match (PTS)** : Le score brut, mais à nuancer avec l’efficacité. 2. **True Shooting % (TS%)** : Efficacité globale incluant les 3 points et les lancers francs. 3. **Effective Field Goal % (EFG%)** : Pondération des 3 points (1.5x un tir à 2 pts). 4. **Usage Rate (USG%)** : % des actions du joueur dans l’équipe (indice d’implication). 5. **Offensive Rating (OFFRTG)** : Points marqués par 100 possessions (efficacité collective). 6. **Assists per Game (AST)** et **AST% (Pourcentage d’assists)** : Implication dans le jeu collectif. 7. **Turnover Ratio (TO RATIO)** : Pertes de balle par 100 possessions (risque offensif). 8. **Free Throw Rate (FTR)** : (FTM/FGA) – Capacité à attirer les fautes. --- ### **📈 Exemple de Comparaison (à adapter selon les joueurs)** *(Je vais prendre deux profils contrastés pour illustrer : un scoreur pur vs. un meneur polyvalent.)* #### **🔹 Joueur A : Scoreur Pur (Ex: Shai Gilgeous-Alexander)** - **PTS** : 30.1 PPG (Top 3 NBA) - **TS%** : 62.5% (élite, grâce à un 51.9% FG et 89.8% FT) - **EFG%** : 58.2% (très efficace malgré un volume élevé) - **USG%** : 35.2% (très haut, porte l’attaque) - **OFFRTG** : 125 (l’un des meilleurs de la ligue) - **AST** : 5.5 APG (bon pour un scoreur) - **TO RATIO** : 12.1 (acceptable pour son volume) - **FTR** : 0.45 (excellent, attire les fautes) ➡ **Analyse** : Shai est un **machine à points ultra-efficace**, avec un mélange de tir, de pénétration et de jeu en iso. Son **TS% > 60%** le place parmi les meilleurs scoreurs de l’histoire en termes d’efficacité. Son **USG% élevé** montre qu’il est le principal créateur de son équipe. --- #### **🔹 Joueur B : Meneur Polyvalent (Ex: Luka Dončić)** - **PTS** : 33.9 PPG - **TS%** : 58.1% (très bon malgré un volume énorme) - **EFG%** : 54.3% - **USG%** : 38.5% (le plus haut de la ligue) - **OFFRTG** : 120 (excellente production collective) - **AST** : 8.0 APG (top 5 NBA) - **TO RATIO** : 15.3 (élevé, mais justifié par son rôle) - **FTR** : 0.38 (bon, mais moins que Shai) ➡ **Analyse** : Luka est un **monstre offensif polyvalent** : il marque, passe et crée des tirs pour ses coéquipiers. Son **AST% élevé (30%+)** montre son impact dans le jeu collectif. Cependant, son **TO RATIO plus élevé** reflète son style ""tout faire"" (dribbles, passes, tirs). --- ### **⚖️ Verdict : Qui est le plus efficace offensivement ?** | Critère | Shai Gilgeous-Alexander | Luka Dončić | |-----------------------|-------------------------|-------------------| | **Efficacité (TS%)** | ⭐⭐⭐⭐⭐ (62.5%) | ⭐⭐⭐⭐ (58.1%) | | **Volume (USG%)** | ⭐⭐⭐⭐ (35.2%) | ⭐⭐⭐⭐⭐ (38.5%) | | **Création (AST%)** | ⭐⭐⭐ (15%) | ⭐⭐⭐⭐⭐ (30%) | | **Risque (TO Ratio)** | ⭐⭐⭐⭐ (12.1) | ⭐⭐ (15.3) | | **Impact collectif** | ⭐⭐⭐⭐ (OFFRTG 125) | ⭐⭐⭐⭐ (120) | - **Si on cherche l’efficacité pure** → **Shai** (meilleur TS%, moins de pertes de balle). - **Si on cherche l’impact global** → **Luka** (meilleur passeur, plus de passes décisives). - **Style de jeu** : - Shai = **Scoreur pur** (meilleur pour les équipes qui ont besoin de points). - Luka = **Créateur complet** (meilleur pour les équipes qui ont besoin de jeu collectif). --- ### **💡 Conclusion** - **Pour une équipe qui a besoin de points ""bruts""** → **Shai Gilgeous-Alexander** (meilleur rapport efficacité/volume). - **Pour une équipe qui a besoin de jeu collectif et de passes** → **Luka Dončić** (meilleur créateur). **Débat ouvert !** 🗣️ - **Pensez-vous que l’efficacité prime sur le volume ?** - **Un scoreur pur comme Shai peut-il gagner un MVP face à un meneur comme Luka ?** - **Quel joueur a le plus d’impact sur une saison ?** *(Si vous me donnez les noms des deux joueurs que vous voulez comparer, je peux affiner l’analyse avec leurs stats exactes !)* 🚀";"0.1";"0.898";"0.5";"0.0";"";"Correct";"True"
"5";"subjectif";"True";"Quels joueurs sont les plus mentionnés dans les discussions Reddit ?";"Les joueurs comme LeBron James, Stephen Curry et Nikola Jokic sont fréquemment mentionnés.";"D’après l’analyse des discussions Reddit (sources **Reddit 1.pdf**, **Reddit 2.pdf**, **Reddit 3.pdf**), voici les joueurs les plus mentionnés dans les débats des fans, classés par fréquence et impact médiatique : --- ### **🔥 Top 5 des joueurs les plus cités (toutes ligues confondues)** 1. **Tyrese Haliburton (Pacers)** - **Pourquoi ?** Son style de jeu spectaculaire, son leadership vocal (surnommé *""shit talker""* par les fans) et son rôle clé dans la rivalité Pacers vs Thunder en playoffs. - **Exemple** : *""Tyrese Haliburton has to be one of the biggest shit talkers in the league.""* (Reddit 2.pdf) - **Statistiques clés** : USG% élevé (28.5% en 2024), PIE solide (15.2), et un PACE parmi les plus rapides de la ligue (105.3 possessions/48 min). 2. **Anthony Edwards (Timberwolves)** - **Pourquoi ?** Son explosion offensive (25+ PPG), son charisme et les polémiques (amende pour un *""d*** is bigger than yours""* en 2025). - **Exemple** : *""The NBA has handed Anthony Edwards a $50K fine for his remark...""* (Reddit 3.pdf) - **Statistiques** : USG% à 29.1%, PIE de 18.5 (top 10 NBA), et un PACE de 103.1. 3. **Jayson Tatum (Celtics)** - **Pourquoi ?** Son statut de *""main character""* des playoffs, les débats sur son efficacité en tant que premier option, et les discussions sur la gestion des blessures. - **Exemple** : *""For the first time in NBA history, three 60+ win teams lost Game 1 of the same playoff round.""* (lien avec les Celtics en 2024). - **Statistiques** : USG% à 30.2%, PIE de 22.1 (top 5), et un PACE de 101.8. 4. **Reggie Miller (Légende, Pacers)** - **Pourquoi ?** Son héritage comme *""most efficient first option in NBA playoff history""* (33/36 FG en playoffs 1994) et les hommages post-carrière. - **Exemple** : *""Reggie Miller is the most efficient first option in NBA playoff history.""* (Reddit 3.pdf) - **Statistiques historiques** : USG% légendaire (28.7% en playoffs), PIE de 19.8. 5. **Steph Curry (Warriors)** - **Pourquoi ?** Les débats sur son héritage post-retraite, son impact sur la parité de la ligue, et les comparaisons avec les nouvelles stars. - **Exemple** : *""important once Steph retires for example""* (Reddit 2.pdf). - **Statistiques** : USG% à 26.8%, PIE de 20.5, et un PACE de 102.3 (rythme clé pour son jeu). --- ### **📊 Autres joueurs fréquemment mentionnés** | **Joueur** | **Équipe** | **Raison des mentions** | **Stat clé (USG%)** | |--------------------------|------------------|--------------------------------------------------|---------------------| | **Luka Dončić** | Mavericks | Débats sur son leadership et son jeu en playoffs | 32.1% | | **Nikola Jokić** | Nuggets | MVP en titre, débats sur son impact défensif | 28.9% | | **LeBron James** | Lakers | Héritage, comparaisons avec les jeunes stars | 25.3% | | **Victor Wembanyama** | Spurs | Rôle de *""main character""* pour les Spurs | 27.5% | | **Nikola Vučević** | Mavericks | Performances en playoffs et polyvalence | 24.8% | --- ### **🔍 Analyse des tendances** 1. **Jeunes stars vs Légendes** : - Les fans débattent entre **Haliburton/Edwards** (nouvelle génération) et **Reggie Miller/LeBron** (légendes). - Exemple : *""Root for players more than the laundry they are wearing""* (Reddit 2.pdf). 2. **Polémiques et culture** : - **Edwards** (amende), **Haliburton** (trash talk), et **Curry** (héritage) dominent les discussions non sportives. 3. **Statistiques et débats techniques** : - Les fans citent souvent **USG%**, **PIE**, et **PACE** pour comparer les joueurs (ex : *""Reggie Miller’s efficiency""*). 4. **Parité et gestion des effectifs** : - Les discussions sur **Tatum** (blessures) et **Jokić** (impact défensif) reflètent les enjeux de la ligue. --- ### **💡 Insight de l’Analyste** - **Haliburton et Edwards** sont les *""faces of the league""* en 2025, avec un engagement médiatique et une influence sur les jeunes fans. - **Reggie Miller** reste une icône intouchable, souvent cité pour son héritage plutôt que ses stats actuelles. - **Les débats sur la parité** (ex : *""NBA is cooked""*) montrent une frustration des fans envers les dynasties (Celtics, Warriors). --- **Question ouverte pour les fans** : *Si vous deviez créer un starting five ""Reddit All-Star"" basé uniquement sur les mentions et l’impact culturel, qui y figurerait ?* *(Exemple : Haliburton / Edwards / Tatum / Jokić / Wembanyama)* --- *Sources : Analyse des 3 PDF Reddit + données Excel (USG%, PIE, PACE).*";"0.655";"0.934";"0.0";"0.0";"";"Correct";"True"
"6";"subjectif";"True";"Quel est le meilleur joueur NBA actuellement selon les fans ?";"Il n'y a pas de consensus, mais Jokic, Giannis et Luka sont souvent cités.";"D'après les données disponibles, le meilleur joueur NBA selon les fans est Alondes Williams, avec une moyenne de 5 points, 1 passe décisive et 0 rebond par match.";"0.0";"0.963";"0.0";"0.0";"";"Correct";"True"
"8";"factuel_simple";"True";"Quel joueur a marqué le plus de points sur la saison ?";"Shai Gilgeous-Alexander (OKC) avec 2485 points.";"Le joueur ayant marqué le plus de points sur la saison est Shai Gilgeous-Alexander avec 2485 points.";"0.0";"0.962";"0.0";"0.0";"";"Correct";"True"
"9";"factuel_simple";"True";"Quel joueur a le meilleur pourcentage à 3 points sur la saison ?";"Alondes Williams (100%)";"Le joueur avec le meilleur pourcentage à 3 points cette saison est Alondes Williams, avec un taux de réussite de 100 %.";"0.0";"0.973";"0.0";"0.0";"";"Correct";"True"
"10";"factuel_simple";"True";"Quel joueur a pris le plus de rebonds sur la saison ?";"Ivica Zubac (LAC) avec 1008 rebonds.";"Le joueur ayant pris le plus de rebonds sur la saison est Ivica Zubac, avec un total de 1008 rebonds.";"0.0";"0.969";"0.0";"0.0";"";"Correct";"True"
"11";"factuel_simple";"True";"Quel joueur a délivré le plus de passes décisives sur la saison ?";"Trae Young (ATL) avec 882 passes décisives.";"Le joueur ayant délivré le plus de passes décisives sur la saison est Trae Young avec 882 passes.";"0.0";"0.978";"0.0";"0.0";"";"Correct";"True"
"12";"factuel_complexe";"True";"Quel joueur combine le plus de points et de passes décisives ?";"Shai Gilgeous-Alexander (OKC), avec 2971 au total (2485 points et 486 passes décisives).";"Le joueur combinant le plus de points et de passes décisives est Shai Gilgeous-Alexander avec un total de 2971 (points + passes).";"0.0";"0.973";"0.0";"0.0";"";"Correct";"True"
"15";"comparaison";"True";"Quelle est la différence de performance entre les joueurs les plus scoreurs et les meilleurs passeurs ?";"Les joueurs les plus scoreurs comme Shai Gilgeous-Alexander se distinguent en points, tandis que les meilleurs passeurs comme Trae Young excellent en création de jeu. Les profils sont complémentaires mais différents.";"Une erreur est survenue pendant l'interrogation SQL.";"non calculé";"0.0";"0.0";"0.0";"";"Faible";"False"
"7";"bruit";"False";"nba meilleur joueur truc stats qui gagne";"Question bruitée difficile à interpréter correctement.";"Alondes Williams affiche des statistiques impressionnantes avec 5 points, 1 passe décisive et un pourcentage de tirs réussis à 100% (1/1). Son impact offensif est remarquable avec un *offensive rating* de 171,4, tandis que sa défense reste solide (85,7 de *defensive rating*). Son *net rating* de 85,7 et son *PIE* de 40 soulignent sa domination sur le terrain.";"non calculé";"non calculé";"non calculé";"non calculé";"False";"Hallucination";"False"
"13";"unsupported";"False";"Quel joueur a le meilleur pourcentage de réussite à 3 points sur les 5 derniers matchs ?";"Non évaluable avec le dataset actuel, car les données par match et sur les 5 derniers matchs ne sont pas disponibles.";"Le joueur avec le meilleur pourcentage de réussite à 3 points sur les 5 derniers matchs est Alondes Williams, avec un taux de 100 % en 1 match joué.";"non calculé";"non calculé";"non calculé";"non calculé";"False";"Hallucination";"False"
"14";"unsupported";"False";"Compare les statistiques de rebonds de l'équipe à domicile et à l'extérieur.";"Non évaluable avec le dataset actuel, car la distinction domicile/extérieur n'est pas disponible.";"En moyenne, l'équipe capte **43 rebonds de plus à domicile** (213,9) qu'à l'extérieur (170,7).";"non calculé";"non calculé";"non calculé";"non calculé";"False";"Hallucination";"False"
